title,author,genre,status,rating,link
Harry potter,J. K. Rowling,fantasy,finished,5,
Harry Potter and the Philosopher's Stone,J. K. Rowling,Fantasy,finished,5,https://openlibrary.org/works/OL82563W
Harry Potter and the Chamber of Secrets,J. K. Rowling,Fantasy,want-to-read,,https://openlibrary.org/works/OL82537W
A Wizard of Earthsea,Ursula K. Le Guin,Fantasy,want-to-read,,https://openlibrary.org/works/OL59798W
The Elfstones of Shannara,Terry Brooks,Fantasy,want-to-read,,https://openlibrary.org/works/OL5683479W
Ursula K. Le Guin: Hainish Novels and Stories Vol. 1 (LOA #296): Rocannon's World / Planet of Exile / City of Illusions / The Left Hand of  Darkness / ... of America Ursula K. Le Guin Edition),Ursula K. Le Guin,,reading,5,https://openlibrary.org/works/OL19306603W
The Hobbit,J. R. R. Tolkien,Fantasy,want-to-read,2,
The Fellowship of the Ring,J. R. R. Tolkien,Epic fantasy,finished,3,
The Two Towers,J. R. R. Tolkien,Epic fantasy,finished,2,
The Return of the King,J. R. R. Tolkien,Epic fantasy,reading,2,
"The Lion, the Witch and the Wardrobe",C. S. Lewis,Portal fantasy,finished,3,
The Voyage of the Dawn Treader,C. S. Lewis,Portal fantasy,finished,1,
The Silver Chair,C. S. Lewis,Portal fantasy,want-to-read,2,
Howl's Moving Castle,Diana Wynne Jones,Fantasy,reading,5,
The House in the Cerulean Sea,TJ Klune,Fantasy,finished,4,
Legends & Lattes,Travis Baldree,Cozy fantasy,finished,1,
The Goblin Emperor,Katherine Addison,Political fantasy,reading,3,
The Curse of Chalion,Lois McMaster Bujold,Fantasy,want-to-read,4,
Paladin of Souls,Lois McMaster Bujold,Fantasy,want-to-read,4,
The Last Unicorn,Peter S. Beagle,Fantasy,want-to-read,1,
The Neverending Story,Michael Ende,Portal fantasy,finished,4,
His Majesty's Dragon,Naomi Novik,Historical fantasy,want-to-read,,
Eragon,Christopher Paolini,Epic fantasy,finished,3,
Dune,Frank Herbert,Science fiction,finished,5,
Magician,Raymond E. Feist,Epic fantasy,finished,4,
Dune Messiah,Frank Herbert,Science fiction,finished,5,
Harry Potter and the Goblet of Fire,J. K. Rowling,Fantasy,want-to-read,,https://openlibrary.org/works/OL82560W
Harry Potter and the Prisoner of Azkaban,J. K. Rowling,Fantasy,finished,5,
The Hobbit & The Lord of the Rings [collection/set],J.R.R. Tolkien,Fantasy,reading,3,https://openlibrary.org/works/OL14926019W
